Designator,Val,Package,Mid X,Mid Y,Rotation,Side
C1,10uF,C_0805_2012Metric,130.45,-128.5,180,top
C2,10uF,C_0805_2012Metric,130.45,-134.6,180,top
C3,1uF,C_0402_1005Metric,138.9,-135.1,135,top
C4,1uF,C_0402_1005Metric,148.4,-145.6,90,top
C5,0.1uF,C_0402_1005Metric,139.6,-140.7,-135,top
C6,0.1uF,C_0402_1005Metric,143.5,-144.62,-90,top
C7,0.1uF,C_0402_1005Metric,150.360589,-143.160589,-45,top
C8,4.7uF,C_0402_1005Metric,149.603985,-143.917193,-45,top
C9,0.1uF,C_0402_1005Metric,151.6,-134.9,90,top
C10,0.1uF,C_0402_1005Metric,149.1,-132.7,45,top
C11,0.1uF,C_0402_1005Metric,147.260589,-130.939411,45,top
C12,0.1uF,C_0402_1005Metric,140.5,-133.7,135,top
C13,0.1uF,C_0402_1005Metric,137.36,-138.35,180,top
C14,4.7uF,C_0402_1005Metric,137.4,-137.28,0,top
C15,4.7uF,C_0402_1005Metric,144.6,-145.4,-90,top
C16,4.7uF,C_0402_1005Metric,150.32,-131,0,top
C17,0.1uF,C_0402_1005Metric,141.360588,-132.774802,135,top
J1,Micro_SD_Card_Det2,microSD_HC_Molex_104031-0811,133.9,-150.4125,180,top
P1,USB_C_Plug_USB2.0,USB_C_Plug_Molex_105444,140,-129,0,top
R1,5.1k,R_0603_1608Metric,135.6,-131.7,180,top
R2,12K,R_0402_1005Metric,138.160624,-135.860624,135,top
R3,100k,R_0402_1005Metric,139.839376,-132.060624,45,top
R4,100k,R_0402_1005Metric,146.3,-129.8,180,top
R5,10K,R_0402_1005Metric,142.060624,-132.060624,-45,top
U1,AP2112K-3.3,SOT-23-5,130.45,-131.6,-90,top
U2,USB2660I-JZX-03,QFN64_9x9MC_MCH,145.2,-137.6,45,top
X1,24MHz ASCO,Oscillator_SMD_Abracon_ASCO-4Pin_1.6x1.2mm,134.95,-134.3,90,top
