"Id";"Designator";"Footprint";"Quantity";"Designation";"Supplier and ref";
1;"U1";"SOT-23-5";1;"AP2112K-3.3";;;
2;"C1,C2";"C_0805_2012Metric";2;"10uF";;;
3;"R1";"R_0603_1608Metric";1;"5.1k";;;
4;"P1";"USB_C_Plug_Molex_105444";1;"USB_C_Plug_USB2.0";;;
5;"TP1,TP3,TP2,TP4";"TestPoint_Pad_1.5x1.5mm";4;"TestPoint";;;
6;"R5";"R_0402_1005Metric";1;"10K";;;
7;"R2";"R_0402_1005Metric";1;"12K";;;
8;"C15,C16,C8,C14";"C_0402_1005Metric";4;"4.7uF";;;
9;"R4,R3";"R_0402_1005Metric";2;"100k";;;
10;"C7,C13,C17,C9,C11,C12,C6,C5,C10";"C_0402_1005Metric";9;"0.1uF";;;
11;"U2";"QFN64_9x9MC_MCH";1;"USB2660I-JZX-03";;;
12;"J1";"microSD_HC_Molex_104031-0811";1;"Micro_SD_Card_Det2";;;
13;"C3,C4";"C_0402_1005Metric";2;"1uF";;;
14;"X1";"Oscillator_SMD_Abracon_ASCO-4Pin_1.6x1.2mm";1;"24MHz ASCO";;;
15;"J2";"CUI_SD-4-B";1;"SD_Card_Receptacle";;;
